<?xml version="1.0" encoding="UTF-8"?>
<DocSetNodes version="1.0">
    <TOC>
        <Node type="folder">
            <Name>RC3DK</Name>
            <Path>index.html</Path>
			<Subnodes>
                
				
				<Node type="folder">
					<Name>Classes</Name>
					<Path>index.html</Path>
					<Subnodes>
						<NodeRef refid="1"/>
						<NodeRef refid="2"/>
						<NodeRef refid="3"/>
						<NodeRef refid="4"/>
						<NodeRef refid="5"/>
						<NodeRef refid="6"/>
						<NodeRef refid="7"/>
						<NodeRef refid="8"/>
						<NodeRef refid="9"/>
						<NodeRef refid="10"/>
						<NodeRef refid="11"/>
						<NodeRef refid="12"/>
						<NodeRef refid="13"/>
						<NodeRef refid="14"/>
						
					</Subnodes>
				</Node>
				
				
                
				<Node>
					<Name>Protocols</Name>
					<Path>index.html</Path>
					<Subnodes>
						<NodeRef refid="15"/>
						
					</Subnodes>
				</Node>
				
                
				<Node>
					<Name>Constants</Name>
					<Path>index.html</Path>
					<Subnodes>
						<NodeRef refid="16"/>
						<NodeRef refid="17"/>
						<NodeRef refid="18"/>
						<NodeRef refid="19"/>
						
					</Subnodes>
				</Node>
				
			</Subnodes>
        </Node>
    </TOC>
	<Library>
		
		<Node id="1" type="file" documentType="reference">
            <Name>RCCameraParameters</Name>
            <Path>Classes/RCCameraParameters.html</Path>
            
                <Subnodes>
                <Node type="section">
                    <Path>Classes/RCCameraParameters.html</Path>
                    <Name>Overview</Name>
                    <Anchor>overview</Anchor>
                </Node>
                <Node type="section">
                    <Path>Classes/RCCameraParameters.html</Path>
                    <Name>Tasks</Name>
                    <Anchor>tasks</Anchor>
                </Node>
                
                <Node type="section">
                    <Path>Classes/RCCameraParameters.html</Path>
                    <Name>Properties</Name>
                    <Anchor>properties</Anchor>
                </Node>
                
                
                
                <Node type="section">
                    <Path>Classes/RCCameraParameters.html</Path>
                    <Name>Instance Methods</Name>
                    <Anchor>instance_methods</Anchor>
                </Node>
                
            </Subnodes>
            
        </Node>
		<Node id="2" type="file" documentType="reference">
            <Name>RCFeaturePoint</Name>
            <Path>Classes/RCFeaturePoint.html</Path>
            
                <Subnodes>
                <Node type="section">
                    <Path>Classes/RCFeaturePoint.html</Path>
                    <Name>Overview</Name>
                    <Anchor>overview</Anchor>
                </Node>
                <Node type="section">
                    <Path>Classes/RCFeaturePoint.html</Path>
                    <Name>Tasks</Name>
                    <Anchor>tasks</Anchor>
                </Node>
                
                <Node type="section">
                    <Path>Classes/RCFeaturePoint.html</Path>
                    <Name>Properties</Name>
                    <Anchor>properties</Anchor>
                </Node>
                
                
                
                <Node type="section">
                    <Path>Classes/RCFeaturePoint.html</Path>
                    <Name>Instance Methods</Name>
                    <Anchor>instance_methods</Anchor>
                </Node>
                
            </Subnodes>
            
        </Node>
		<Node id="3" type="file" documentType="reference">
            <Name>RCLicenseError</Name>
            <Path>Classes/RCLicenseError.html</Path>
            
                <Subnodes>
                <Node type="section">
                    <Path>Classes/RCLicenseError.html</Path>
                    <Name>Overview</Name>
                    <Anchor>overview</Anchor>
                </Node>
                <Node type="section">
                    <Path>Classes/RCLicenseError.html</Path>
                    <Name>Tasks</Name>
                    <Anchor>tasks</Anchor>
                </Node>
                
                
                
                <Node type="section">
                    <Path>Classes/RCLicenseError.html</Path>
                    <Name>Instance Methods</Name>
                    <Anchor>instance_methods</Anchor>
                </Node>
                
            </Subnodes>
            
        </Node>
		<Node id="4" type="file" documentType="reference">
            <Name>RCPoint</Name>
            <Path>Classes/RCPoint.html</Path>
            
        </Node>
		<Node id="5" type="file" documentType="reference">
            <Name>RCRotation</Name>
            <Path>Classes/RCRotation.html</Path>
            
                <Subnodes>
                <Node type="section">
                    <Path>Classes/RCRotation.html</Path>
                    <Name>Overview</Name>
                    <Anchor>overview</Anchor>
                </Node>
                <Node type="section">
                    <Path>Classes/RCRotation.html</Path>
                    <Name>Tasks</Name>
                    <Anchor>tasks</Anchor>
                </Node>
                
                
                
                <Node type="section">
                    <Path>Classes/RCRotation.html</Path>
                    <Name>Instance Methods</Name>
                    <Anchor>instance_methods</Anchor>
                </Node>
                
            </Subnodes>
            
        </Node>
		<Node id="6" type="file" documentType="reference">
            <Name>RCScalar</Name>
            <Path>Classes/RCScalar.html</Path>
            
        </Node>
		<Node id="7" type="file" documentType="reference">
            <Name>RCSensorFusion</Name>
            <Path>Classes/RCSensorFusion.html</Path>
            
                <Subnodes>
                <Node type="section">
                    <Path>Classes/RCSensorFusion.html</Path>
                    <Name>Overview</Name>
                    <Anchor>overview</Anchor>
                </Node>
                <Node type="section">
                    <Path>Classes/RCSensorFusion.html</Path>
                    <Name>Tasks</Name>
                    <Anchor>tasks</Anchor>
                </Node>
                
                <Node type="section">
                    <Path>Classes/RCSensorFusion.html</Path>
                    <Name>Properties</Name>
                    <Anchor>properties</Anchor>
                </Node>
                
                
                <Node type="section">
                    <Path>Classes/RCSensorFusion.html</Path>
                    <Name>Class Methods</Name>
                    <Anchor>class_methods</Anchor>
                </Node>
                
                
                <Node type="section">
                    <Path>Classes/RCSensorFusion.html</Path>
                    <Name>Instance Methods</Name>
                    <Anchor>instance_methods</Anchor>
                </Node>
                
            </Subnodes>
            
        </Node>
		<Node id="8" type="file" documentType="reference">
            <Name>RCSensorFusionData</Name>
            <Path>Classes/RCSensorFusionData.html</Path>
            
                <Subnodes>
                <Node type="section">
                    <Path>Classes/RCSensorFusionData.html</Path>
                    <Name>Overview</Name>
                    <Anchor>overview</Anchor>
                </Node>
                <Node type="section">
                    <Path>Classes/RCSensorFusionData.html</Path>
                    <Name>Tasks</Name>
                    <Anchor>tasks</Anchor>
                </Node>
                
                <Node type="section">
                    <Path>Classes/RCSensorFusionData.html</Path>
                    <Name>Properties</Name>
                    <Anchor>properties</Anchor>
                </Node>
                
                
                
                <Node type="section">
                    <Path>Classes/RCSensorFusionData.html</Path>
                    <Name>Instance Methods</Name>
                    <Anchor>instance_methods</Anchor>
                </Node>
                
            </Subnodes>
            
        </Node>
		<Node id="9" type="file" documentType="reference">
            <Name>RCSensorFusionError</Name>
            <Path>Classes/RCSensorFusionError.html</Path>
            
                <Subnodes>
                <Node type="section">
                    <Path>Classes/RCSensorFusionError.html</Path>
                    <Name>Overview</Name>
                    <Anchor>overview</Anchor>
                </Node>
                <Node type="section">
                    <Path>Classes/RCSensorFusionError.html</Path>
                    <Name>Tasks</Name>
                    <Anchor>tasks</Anchor>
                </Node>
                
                
                
                <Node type="section">
                    <Path>Classes/RCSensorFusionError.html</Path>
                    <Name>Instance Methods</Name>
                    <Anchor>instance_methods</Anchor>
                </Node>
                
            </Subnodes>
            
        </Node>
		<Node id="10" type="file" documentType="reference">
            <Name>RCSensorFusionStatus</Name>
            <Path>Classes/RCSensorFusionStatus.html</Path>
            
                <Subnodes>
                <Node type="section">
                    <Path>Classes/RCSensorFusionStatus.html</Path>
                    <Name>Overview</Name>
                    <Anchor>overview</Anchor>
                </Node>
                <Node type="section">
                    <Path>Classes/RCSensorFusionStatus.html</Path>
                    <Name>Tasks</Name>
                    <Anchor>tasks</Anchor>
                </Node>
                
                <Node type="section">
                    <Path>Classes/RCSensorFusionStatus.html</Path>
                    <Name>Properties</Name>
                    <Anchor>properties</Anchor>
                </Node>
                
                
                
                <Node type="section">
                    <Path>Classes/RCSensorFusionStatus.html</Path>
                    <Name>Instance Methods</Name>
                    <Anchor>instance_methods</Anchor>
                </Node>
                
            </Subnodes>
            
        </Node>
		<Node id="11" type="file" documentType="reference">
            <Name>RCTransformation</Name>
            <Path>Classes/RCTransformation.html</Path>
            
                <Subnodes>
                <Node type="section">
                    <Path>Classes/RCTransformation.html</Path>
                    <Name>Overview</Name>
                    <Anchor>overview</Anchor>
                </Node>
                <Node type="section">
                    <Path>Classes/RCTransformation.html</Path>
                    <Name>Tasks</Name>
                    <Anchor>tasks</Anchor>
                </Node>
                
                <Node type="section">
                    <Path>Classes/RCTransformation.html</Path>
                    <Name>Properties</Name>
                    <Anchor>properties</Anchor>
                </Node>
                
                
                
                <Node type="section">
                    <Path>Classes/RCTransformation.html</Path>
                    <Name>Instance Methods</Name>
                    <Anchor>instance_methods</Anchor>
                </Node>
                
            </Subnodes>
            
        </Node>
		<Node id="12" type="file" documentType="reference">
            <Name>RCTranslation</Name>
            <Path>Classes/RCTranslation.html</Path>
            
                <Subnodes>
                <Node type="section">
                    <Path>Classes/RCTranslation.html</Path>
                    <Name>Overview</Name>
                    <Anchor>overview</Anchor>
                </Node>
                <Node type="section">
                    <Path>Classes/RCTranslation.html</Path>
                    <Name>Tasks</Name>
                    <Anchor>tasks</Anchor>
                </Node>
                
                
                <Node type="section">
                    <Path>Classes/RCTranslation.html</Path>
                    <Name>Class Methods</Name>
                    <Anchor>class_methods</Anchor>
                </Node>
                
                
                <Node type="section">
                    <Path>Classes/RCTranslation.html</Path>
                    <Name>Instance Methods</Name>
                    <Anchor>instance_methods</Anchor>
                </Node>
                
            </Subnodes>
            
        </Node>
		<Node id="13" type="file" documentType="reference">
            <Name>RCVector</Name>
            <Path>Classes/RCVector.html</Path>
            
                <Subnodes>
                <Node type="section">
                    <Path>Classes/RCVector.html</Path>
                    <Name>Overview</Name>
                    <Anchor>overview</Anchor>
                </Node>
                <Node type="section">
                    <Path>Classes/RCVector.html</Path>
                    <Name>Tasks</Name>
                    <Anchor>tasks</Anchor>
                </Node>
                
                <Node type="section">
                    <Path>Classes/RCVector.html</Path>
                    <Name>Properties</Name>
                    <Anchor>properties</Anchor>
                </Node>
                
                
                
                <Node type="section">
                    <Path>Classes/RCVector.html</Path>
                    <Name>Instance Methods</Name>
                    <Anchor>instance_methods</Anchor>
                </Node>
                
            </Subnodes>
            
        </Node>
		<Node id="14" type="file" documentType="reference">
            <Name>RCVideoPreview</Name>
            <Path>Classes/RCVideoPreview.html</Path>
            
                <Subnodes>
                <Node type="section">
                    <Path>Classes/RCVideoPreview.html</Path>
                    <Name>Overview</Name>
                    <Anchor>overview</Anchor>
                </Node>
                <Node type="section">
                    <Path>Classes/RCVideoPreview.html</Path>
                    <Name>Tasks</Name>
                    <Anchor>tasks</Anchor>
                </Node>
                
                
                
                <Node type="section">
                    <Path>Classes/RCVideoPreview.html</Path>
                    <Name>Instance Methods</Name>
                    <Anchor>instance_methods</Anchor>
                </Node>
                
            </Subnodes>
            
        </Node>
		
		
        <Node id="15" type="file" documentType="reference">
            <Name>RCSensorFusionDelegate</Name>
            <Path>Protocols/RCSensorFusionDelegate.html</Path>
            
                <Subnodes>
                <Node type="section">
                    <Path>Protocols/RCSensorFusionDelegate.html</Path>
                    <Name>Overview</Name>
                    <Anchor>overview</Anchor>
                </Node>
                <Node type="section">
                    <Path>Protocols/RCSensorFusionDelegate.html</Path>
                    <Name>Tasks</Name>
                    <Anchor>tasks</Anchor>
                </Node>
                
                
                
                <Node type="section">
                    <Path>Protocols/RCSensorFusionDelegate.html</Path>
                    <Name>Instance Methods</Name>
                    <Anchor>instance_methods</Anchor>
                </Node>
                
            </Subnodes>
            
        </Node>
		
        <Node id="16" type="file" documentType="reference">
            <Name>RCCameraManagerOperationType</Name>
            <Path>Constants/RCCameraManagerOperationType.html</Path>
            
        </Node>
		<Node id="17" type="file" documentType="reference">
            <Name>RCLicenseErrorCode</Name>
            <Path>Constants/RCLicenseErrorCode.html</Path>
            
        </Node>
		<Node id="18" type="file" documentType="reference">
            <Name>RCLicenseStatus</Name>
            <Path>Constants/RCLicenseStatus.html</Path>
            
        </Node>
		<Node id="19" type="file" documentType="reference">
            <Name>RCLicenseType</Name>
            <Path>Constants/RCLicenseType.html</Path>
            
        </Node>
		
	</Library>
</DocSetNodes>