<?xml version="1.0" encoding="UTF-8"?>
<Tokens version="1.0">
	<File path="Protocols/RCSensorFusionDelegate.html">
		
		<Token>
			<TokenIdentifier>//apple_ref/occ/intf/RCSensorFusionDelegate</TokenIdentifier>
			<Abstract type="html">The delegate of RCSensorFusion must implement this protocol in order to receive sensor fusion updates.</Abstract>
			<DeclaredIn>RCSensorFusion.h</DeclaredIn>
            
			
			<NodeRef refid="15"/>
		</Token>
		
		
		<Token>
			<TokenIdentifier>//apple_ref/occ/intfm/RCSensorFusionDelegate/sensorFusionDidUpdateData:</TokenIdentifier>
			<Abstract type="html">Sent to the delegate to provide the latest output of sensor fusion.</Abstract>
			<DeclaredIn>RCSensorFusion.h</DeclaredIn>
			
			<Declaration>- (void)sensorFusionDidUpdateData:(RCSensorFusionData *)data</Declaration>
			<Parameters>
				<Parameter>
					<Name>data</Name>
					<Abstract type="html">An instance of RCSensorFusionData that contains the latest sensor fusion data.</Abstract>
				</Parameter>
			</Parameters>
			
			<Anchor>//api/name/sensorFusionDidUpdateData:</Anchor>
            <NodeRef refid="15"/>
		</Token>
		
		<Token>
			<TokenIdentifier>//apple_ref/occ/intfm/RCSensorFusionDelegate/sensorFusionDidChangeStatus:</TokenIdentifier>
			<Abstract type="html">Sent to the delegate whenever the status of RCSensorFusion changes, including when an error occurs.</Abstract>
			<DeclaredIn>RCSensorFusion.h</DeclaredIn>
			
			<Declaration>- (void)sensorFusionDidChangeStatus:(RCSensorFusionStatus *)status</Declaration>
			<Parameters>
				<Parameter>
					<Name>status</Name>
					<Abstract type="html">An instance of RCSensorFusionStatus containing the current sensor fusion status.</Abstract>
				</Parameter>
			</Parameters>
			
			<Anchor>//api/name/sensorFusionDidChangeStatus:</Anchor>
            <NodeRef refid="15"/>
		</Token>
		
        
	</File>
</Tokens>