<?xml version="1.0" encoding="UTF-8"?>
<Tokens version="1.0">
	<File path="Constants/RCLicenseType.html">
		
		<Token>
			<TokenIdentifier>//apple_ref/c/tdef/RCLicenseType</TokenIdentifier>
			<Abstract type="html"></Abstract>
			<DeclaredIn>RCSensorFusion.mm</DeclaredIn>
            
			
			<NodeRef refid="19"/>
		</Token>
		
		
        
        <Token>
            <TokenIdentifier>//apple_ref/c/econst/RCLicenseTypeEvalutaion</TokenIdentifier>
            <Abstract type="html">This license provide full access with a limited number of uses per month.</Abstract>
            <Declaration>RCLicenseTypeEvalutaion</Declaration>
            
            <DeclaredIn>RCSensorFusion.mm</DeclaredIn>
            
            <NodeRef refid="19"/>
        </Token>
        
        <Token>
            <TokenIdentifier>//apple_ref/c/econst/RCLicenseTypeMotionOnly</TokenIdentifier>
            <Abstract type="html">This license provides access to 6DOF device motion data only. Obsolete.</Abstract>
            <Declaration>RCLicenseTypeMotionOnly</Declaration>
            
            <DeclaredIn>RCSensorFusion.mm</DeclaredIn>
            
            <NodeRef refid="19"/>
        </Token>
        
        <Token>
            <TokenIdentifier>//apple_ref/c/econst/RCLicenseTypeFull</TokenIdentifier>
            <Abstract type="html">This license provides full access to 6DOF device motion and point cloud data.</Abstract>
            <Declaration>RCLicenseTypeFull</Declaration>
            
            <DeclaredIn>RCSensorFusion.mm</DeclaredIn>
            
            <NodeRef refid="19"/>
        </Token>
        
	</File>
</Tokens>